,SOLV,COUL,LJ,SAS,-TS
GAG,-261.3926196,-1085.861202,9.65181098,4.280962,-23.934647179999995
GCG,-275.62194940000006,-1087.858328,9.6374449,4.502864000000001,-24.125642069999998
GDG,-454.1800342,-1473.1441307999999,9.91484118,4.577854,-33.5907716
GEG,-443.74948459999996,-1489.9527741999998,10.388439499999999,4.883832,-40.0785156
GFG,-257.3469536,-1098.7130392,23.3161596,5.1589,-34.15218805
GGG,-262.098973,-1064.94069,7.9400509,4.0696259999999995,-23.157847169999997
GHG,-287.68020980000006,-1325.8145352,4.5140153792,5.045816,-29.794874875
GIG,-267.3494538,-1097.8874864,13.022187100000002,4.840496,-29.328598089999996
GKG,-390.6895764,-1113.9376368,9.198762594,5.2358199999999995,-41.0868589
GLG,-262.8260636,-1104.6769138,9.078666440000001,4.942856,-31.484341849999996
GMG,-271.4389938,-1090.6287274,6.699117590399999,5.082606,-40.73921599999999
GNG,-270.615831,-1613.535132,9.52131332,4.652038,-33.644140449999995
GPG,-263.2527734,-939.6039765999999,14.655380420000002,4.463508,-23.391775659999997
GQG,-290.4142616,-1602.8790445999998,12.25797118,4.966242,-36.220752749999996
GRG,-368.558527,-2347.2791532,11.3002411,5.579868,-48.50095495
GSG,-276.65116579999994,-1300.8171184,11.16272754,4.395944,-27.546048684999995
GTG,-268.72460479999995,-1330.840565,12.16862828,4.511046,-24.48240836
GVG,-266.553759,-1093.2057302,11.567360519999998,4.570952,-23.47716582
GWG,-272.758005,-1287.8900854,15.51864282,5.536555999999999,-32.10389755
GYG,-271.21298060000004,-1303.6271682000001,22.067361400000003,5.316322,-34.990287699999996
