,SOLV,COUL,LJ,SAS,-TS
GAG,-175.78207233333333,-1084.2069186666668,11.170318566666667,0.273,-41.6247215
GCG,-187.517071,-1090.4686526666667,10.433878533333333,0.41888000000000003,-40.45388645
GDG,-327.7587216666667,-1466.1731003333334,11.495557533333335,0.33037666666666665,-51.457410349999996
GEG,-308.512,-1486.853086,12.0327765,0.6214533333333333,-63.44542554999999
GFG,-184.71657433333334,-1094.6319240000003,25.205157,0.56601,-54.546542499999994
GGG,-176.919643,-1060.7968190000001,10.182342566666666,0.2967033333333333,-45.14020815
GHG,-199.28213833333334,-1323.0657596666667,6.0394742852666665,0.6773566666666666,-43.88469849999999
GIG,-180.51744266666665,-1102.8552149999998,16.464263133333333,0.4063,-49.9621881
GKG,-285.11633366666666,-1115.6289746666666,10.241390266666667,1.1636766666666665,-88.76909395
GLG,-177.37387800000002,-1105.4841390000001,10.694094033333334,0.5232333333333332,-49.350384299999995
GMG,-186.78809366666667,-1088.3295430000003,8.5474247,0.5585333333333333,-69.22655404999999
GNG,-181.60782300000002,-1609.1542653333333,10.671251833333333,0.33532666666666666,-50.14048179999999
GPG,-181.49817866666666,-937.8252436666668,16.4337393,0.29821333333333333,-50.23767869999999
GQG,-200.07056366666666,-1600.8410266666667,13.421175766666666,0.7414666666666666,-66.3687863
GRG,-267.44519166666663,-2346.183269666667,12.940582766666667,1.6404333333333334,-88.16027164999998
GSG,-187.00366899999997,-1299.3623049999999,12.402982633333334,0.47297000000000006,-44.91033449999999
GTG,-180.87843266666667,-1332.0288193333333,14.6666778,0.3831333333333333,-38.4857983
GVG,-178.95609233333334,-1099.5769416666667,15.112157166666666,0.34463,-38.294982299999994
GWG,-191.2338536666667,-1287.4355066666667,17.923763333333333,1.0303966666666668,-50.90523655
GYG,-187.28985533333332,-1302.6960993333334,24.32616266666667,0.7185733333333334,-53.42013179999999
